ID,X_coord,Y_coord
1,50.28614,44.69149
2,51.80053,44.64184
3,53.6022,44.80143
4,53.88238,44.02828
5,54.90379,43.41826
6,55.19461,43.14872
7,56.03515,41.34706
8,55.55636,41.18037
9,54.69809,42.38621
10,54.16965,42.33301
11,53.92848,42.33656
12,53.74051,42.28336
13,53.21207,42.17696
14,52.91061,42.07766
15,52.67299,41.90742
16,52.41409,41.72654
17,52.33252,42.17341
18,52.60915,42.60255
19,51.8892,42.77279
20,51.26854,43.13099
21,50.79685,44.05665
22,50.17974,44.34392
23,50.18683,44.56381
