ID,X_coord,Y_coord
1,72.29403,47.16735
2,82.98933,46.47447
3,81.98521,41.80613
4,72.11346,42.4449
